time,state,action,new_state,total_cost
8,[0],"[(5, 0)]",[5.0],1228.6966381988636
8,[5],"[(5, 0)]",[10.0],1228.6966381988636
8,[10],"[(0, 1)]",[2.0],-6936.000000000001
8,[15],"[(0, 1)]",[7.0],-6936.000000000001
8,[20],"[(0, 1)]",[12.0],-6936.000000000001
