time,state,action,new_state,total_cost
18,[0],"[(5, 0)]",[5.0],2443.8964017840785
18,[5],"[(5, 0)]",[10.0],2443.8964017840785
18,[10],"[(0, 1)]",[0.0],-8670.000000000002
18,[15],"[(0, 1)]",[5.0],-8670.000000000002
18,[20],"[(0, 1)]",[10.0],-8670.000000000002
