time,state,action,new_state,total_cost
11,[0],"[(5, 0)]",[5.0],1870.4728992050923
11,[5],"[(5, 0)]",[10.0],1870.4728992050923
11,[10],"[(0, 1)]",[4.0],-5202.0
11,[15],"[(0, 1)]",[9.0],-5202.0
11,[20],"[(0, 1)]",[14.0],-5202.0
