time,state,action,new_state,total_cost
17,[0],"[(5, 0)]",[5.0],5850.284746632275
17,[5],"[(0, 1)]",[1.0],-3468.0000000000005
17,[10],"[(0, 1)]",[6.0],-3468.0000000000005
17,[15],"[(0, 1)]",[11.0],-3468.0000000000005
17,[20],"[(0, 1)]",[16.0],-3468.0000000000005
