time,state,action,new_state,total_cost
16,[0],"[(5, 0)]",[5.0],12556.421072513687
16,[5],"[(5, 0)]",[10.0],12556.421072513687
16,[10],"[(0, 1)]",[0.0],-8670.000000000002
16,[15],"[(0, 1)]",[5.0],-8670.000000000002
16,[20],"[(0, 1)]",[10.0],-8670.000000000002
