time,state,action,new_state,total_cost
9,[0],"[(5, 0)]",[5.0],1538.812658850756
9,[5],"[(5, 0)]",[10.0],1538.812658850756
9,[10],"[(0, 1)]",[0.0],-8670.000000000002
9,[15],"[(0, 1)]",[5.0],-8670.000000000002
9,[20],"[(0, 1)]",[10.0],-8670.000000000002
