time,state,action,new_state,total_cost
12,[0],"[(5, 0)]",[5.0],11703.400860341284
12,[5],"[(5, 0)]",[10.0],11703.400860341284
12,[10],"[(0, 1)]",[0.0],-8670.000000000002
12,[15],"[(0, 1)]",[5.0],-8670.000000000002
12,[20],"[(0, 1)]",[10.0],-8670.000000000002
