time,state,action,new_state,total_cost
15,[0],"[(5, 0)]",[5.0],12915.405949473887
15,[5],"[(0, 1)]",[4.0],-867.0000000000001
15,[10],"[(0, 1)]",[9.0],-867.0000000000001
15,[15],"[(0, 1)]",[14.0],-867.0000000000001
15,[20],"[(0, 1)]",[19.0],-867.0000000000001
