time,state,action,new_state,total_cost
13,[0],"[(5, 0)]",[5.0],11573.657049504121
13,[5],"[(5, 0)]",[10.0],11573.657049504121
13,[10],"[(0, 1)]",[1.0],-7803.000000000001
13,[15],"[(0, 1)]",[6.0],-7803.000000000001
13,[20],"[(0, 1)]",[11.0],-7803.000000000001
